{"UseProxy":true,"ProxyType":"UID - PASS - 2FA","HideBrowser":false,"LoginType":"Cookie","BMname":"DC BM","FsBMname":true,"ChooseCreateAdBM":true,"AdBMname":"DcTKBM","SelectCurrencyAdBM":"USD - Đô la Mỹ","SelectTimeZoneAdBM":"GMT+07:00 - Bangkok, Châu Á - Asia/Bangkok","FSCreateAdBM":true,"ShareBMPartner":true,"ShareIdBMPartner":"823988773237575","FSShareBMPartner":true,"PageName":"DC Store","FSPageName":true,"UploadAvtCover":true,"FSUploadAvtCover":true,"CreatePost":true,"SelectCreatePost":"Shop Now","FSCreatePost":true,"SelectLinkBM":"Box Link BM nhận","FSSelectLinkBM":true,"ReceiveBMName":"DCtool","FSReceiveBMName":true,"ChooseCreateAdBMRB":true,"AdBMnameRB":"DC AD0120","SelectCurrencyAdBMRB":"USD - Đô la Mỹ","SelectTimeZoneAdBMRB":"GMT+07:00 - Bangkok, Châu Á - Asia/Bangkok","FSCreateAdBMRB":true,"ChooseShareBMPartnerRB":true,"ShareIdBMPartnerRB":"012039320203","FSShareBMPartnerRB":true,"AddCard_first":true,"CountryAddCard_first":"US - Hợp chủng quốc Hoa Kỳ","TypeAddCard_first":"Ver 2","DataAddCard_first":"Data Card 1","FSAddCard_first":true,"AddCard_second":true,"CountryAddCard_second":"LT - Lít-va","TypeAddCard_second":"Ver 1","DataAddCard_second":"Data Card 1","FSAddCard_second":true,"AddCard_third":true,"CountryAddCard_third":"LT - Lít-va","TypeAddCard_third":"Ver 1","DataAddCard_third":"Data Card 1","FSAddCard_third":true,"CheckQGTTTZ_first":true,"Country_first":"ID - Indonesia","Currency_first":"THB - Đồng Baht Thái","TimeZone_first":"GMT-07:00 - Creston, Mỹ - America/Creston","FSCheckQGTTTZ_first":true,"CheckQGTTTZ_second":false,"Country_second":"EC - Ecuador","Currency_second":"GBP - Đồng Bảng Anh","TimeZone_second":"GMT-04:00 - Glace Bay, Mỹ - America/Glace_Bay","FSCheckQGTTTZ_second":true,"CheckQGTTTZ_third":false,"Country_third":"FJ - Fiji","Currency_third":"THB - Đồng Baht Thái","TimeZone_third":"GMT-05:00 - Winamac, Indiana, Mỹ - America/Indiana/Winamac","FSCheckQGTTTZ_third":true,"AddCardBM_first":true,"CountryAddCardBM_first":"US - Hợp chủng quốc Hoa Kỳ","TypeAddCardBM_first":"Ver 1","DataAddCardBM_first":"Data Card 1","FSAddCardBM_first":true}